albumId,id,title,url,thumbnailUrl
1,1,happy to denounce the like that are easily,https://via.placeholder.com/600/92c952,https://via.placeholder.com/150/92c952
1,2,fault wants to abandon the,https://via.placeholder.com/600/771796,https://via.placeholder.com/150/771796
1,3,For regular services on the right that she might like,https://via.placeholder.com/600/24f355,https://via.placeholder.com/150/24f355
1,4,hatred fault is the most intense pleasure rationally,https://via.placeholder.com/600/d32776,https://via.placeholder.com/150/d32776
1,5,,,
1,6,,,
1,7,,,
1,8,,,
1,9,,,
1,10,,,
1,11,,,
1,12,,,
1,13,,,
1,14,,,
1,15,,,
1,16,,,
1,17,,,
1,18,,,
1,19,,,
1,20,,,
